Test Case Id,Script ,Start URL,Tags
1,sahi_demo.sah,index.htm,"short,tc"
2,clicksTest.sah,clicks.htm,short
3,events.sah,,short
4,wait_long.sah,,
5,verify_shorthands.sah,,
6,link_test.sah,index.htm,
7,opener.sah,window_opener.htm,
8,sahi_demo_frames.sah,framesTest.htm,
9,blank.sah,index.htm,
10,label.sah,,
11,table_cell.sah,,
12,onchange.sah,onchange.htm,
13,confirm.sah,,
14,prompt.sah,,
15,reset.sah,formTest.htm,
16,popup_title.sah,,
17,if.sah,index.htm,
18,while.sah,index.htm,
19,alert.sah,alertTest.htm,
20,wait_for.sah,,
21,wait_for_with_reload.sah,,
22,keypress.sah,,
23,execute.sah,,
24,set.sah,,
25,spandiv.sah,,
26,popup_title_name_mix.sah,,
27,readfile.sah,,
28,readURL.sah,,
29,trycatch.sah,,
30,modal.sah,showModal.htm,
31,save_as.sah,http://sahitest.com/demo/,
32,in.sah,,
33,delayedLoad.sah,,
34,window_opener_close.sah,,
35,doc_written_popup.sah,,
36,headingsTest.sah,,
37,fileUpload.sah,,
38,errorPages.sah,,
39,hidden.sah,,
40,greek.sah,,ignored
41,csv.sah,,
42,docWriteIFrame.sah,,
43,select.sah,,
44,textarea.sah,,
45,table_2darray.sah,,
46,libTest.sah,,
47,is_visible.sah,,
48,map.sah,,
49,set_array.sah,,
50,language.sah,,
51,regexp.sah,,
52,RegExp_toString_Fix.sah,,
53,zk_speed.sah,http://www.zkoss.org/zkdemo/userguide/,
54,google_search_dd.sah,http://www.google.co.in/,
55,extjs1.sah,http://www.extjs.com/deploy/dev/examples/feed-viewer/view.html,
56,fetchAPIs.sah,,
57,browser.sah,,
58,diffDomainExt.sah,,ignored
59,204.sah,,
60,evalOnRhino.sah,,
61,under.sah,,
62,clickCombo.sah,,
63,collect.sah,,
64,sencha_combobox.sah,,
65,strict_visible.sah,,
66,close_window.sah,,
67,createSnapShot.sah,,
68,dragDrop.sah,,
69,dragDropXY.sah,,
